"","Date","Unknown","Male","Female","Customer","Subscriber","maximum.temperature","minimum.temperature","average.temperature","precipitation","snow.fall","snow.depth","Not.Available","Below.20","X21.to.30","X31.to.40","X41.to.50","X51.to.60","Above.60","Trips","Total.Miles.Travelled","Days","WeekendIndicator","Morethan38K"
"1","1/1/2016",2524,6322,2163,2501,8508,42,34,38,"0","0","0",2501,54,1910,2902,1609,1368,665,11009,24429,"Friday",1,0
"2","1/2/2016",2497,8968,3122,2453,12134,40,32,36,"0","0","0",2453,87,2643,4186,2417,1945,856,14587,29093,"Saturday",1,0
"3","1/3/2016",2176,9903,3420,2131,13368,45,35,40,"0","0","0",2131,85,3055,4670,2621,2036,901,15499,29616,"Sunday",1,0
"4","1/4/2016",683,15081,3829,642,18951,36,14,25,"0","0","0",642,101,3442,6161,4734,3223,1290,19593,36172,"Monday",0,0
"5","1/5/2016",526,14093,3434,482,17571,29,11,20,"0","0","0",482,104,3315,5883,4376,2756,1137,18053,32049,"Tuesday",0,0
"6","1/6/2016",922,18697,4950,875,23694,41,25,33,"0","0","0",875,126,4270,7762,5975,3987,1574,24569,40996,"Wednesday",0,0
"7","1/7/2016",960,21080,5733,905,26868,46,31,38.5,"0","0","0",905,108,5026,8907,6526,4548,1753,27773,45986,"Thursday",0,0
"8","1/8/2016",1212,21575,5922,1151,27558,46,31,38.5,"0","0","0",1151,153,5192,9128,6785,4510,1790,28709,47061,"Friday",1,0
"9","1/9/2016",1736,14215,4895,1687,19159,47,40,43.5,"T","0","0",1687,119,4553,6889,3620,2862,1116,20846,37341,"Saturday",1,0
"10","1/10/2016",964,10098,3213,924,13351,59,40,49.5,"1.8","0","0",924,66,3525,4879,2338,1746,797,14275,25404,"Sunday",1,0
"11","1/11/2016",587,17843,4507,535,22402,40,26,33,"0","0","0",535,92,4245,7460,5531,3693,1381,22937,37393,"Monday",0,0
"12","1/12/2016",529,19571,5111,470,24741,44,25,34.5,"0","T","0",470,108,4701,8265,6088,4075,1504,25211,38958,"Tuesday",0,0
"13","1/13/2016",387,16636,4110,347,20786,30,22,26,"0","0","0",347,114,4000,6811,5224,3401,1236,21133,31608,"Wednesday",0,0
"14","1/14/2016",518,18616,4646,453,23327,38,22,30,"0","T","0",453,109,4386,7653,5889,3796,1494,23780,37295,"Thursday",0,0
"15","1/15/2016",1115,21505,5815,1060,27375,51,34,42.5,"T","0","0",1060,149,5160,9065,6805,4462,1734,28435,45993,"Friday",1,0
"16","1/16/2016",2108,12610,4460,2056,17122,52,42,47,"0.24","0","0",2056,120,3979,6205,3248,2533,1037,19178,35791,"Saturday",1,0
"17","1/17/2016",1186,8139,2699,1158,10866,42,30,36,"0.05","0.4","0",1158,84,2495,3851,2168,1545,723,12024,20487,"Sunday",1,0
"18","1/18/2016",529,9500,2689,502,12216,31,18,24.5,"T","T","T",502,62,2791,4349,2588,1746,680,12718,19998,"Monday",0,0
"19","1/19/2016",303,13705,3273,270,17011,28,16,22,"0","0","T",271,101,3340,5608,4214,2746,1001,17281,26966,"Tuesday",0,0
"20","1/20/2016",466,18215,4739,415,23005,37,27,32,"0","0","T",415,121,4248,7495,5710,3931,1500,23419,35477,"Wednesday",0,0
"21","1/21/2016",496,18421,4755,432,23240,36,26,31,"0","0","0",432,98,4375,7669,5763,3852,1483,23671,36048,"Thursday",0,0
"22","1/22/2016",407,16508,4035,356,20594,30,21,25.5,"0.01","0.2","0",356,111,3911,6667,5160,3410,1335,20950,31344,"Friday",1,0
"23","1/27/2016",152,5420,1189,128,6633,47,34,40.5,"T","0","9",128,29,1201,2225,1657,1114,407,6760,13698,"Wednesday",0,0
"24","1/28/2016",221,9612,2113,191,11755,42,32,37,"0","0","6",192,47,2161,3767,2976,2025,778,11944,22314,"Thursday",0,0
"25","1/29/2016",367,12679,2982,335,15693,41,30,35.5,"0","0","6",335,87,3143,5070,3768,2635,990,16028,26896,"Friday",1,0
"26","1/30/2016",836,9218,2919,808,12165,39,28,33.5,"0","0","6",808,89,2929,4198,2302,1848,799,12964,23350,"Saturday",1,0
"27","1/31/2016",1300,11084,3734,1276,14842,56,36,46,"0","0","4",1276,74,3810,5148,2700,2180,930,16112,31280,"Sunday",1,0
"28","2/1/2016",764,18810,4760,717,23617,59,44,51.5,"0.01","0","2",717,120,5044,7706,5489,3772,1486,24334,42380,"Monday",0,0
"29","2/2/2016",937,21850,5741,885,27643,50,38,44,"0","0","T",885,158,5711,8994,6473,4542,1765,28527,47742,"Tuesday",0,0
"30","2/3/2016",330,12683,3190,299,15904,59,42,50.5,"0.73","0","0",299,94,3591,5337,3576,2441,865,16203,24225,"Wednesday",0,0
"31","2/4/2016",995,21176,5595,930,26836,59,44,51.5,"T","0","0",930,159,5560,8791,6319,4235,1772,27765,47458,"Thursday",0,0
"32","2/5/2016",323,10837,2510,297,13373,44,31,37.5,"0.53","2.5","1",297,100,2797,4349,3052,2222,853,13669,25538,"Friday",1,0
"33","2/6/2016",1406,11681,3846,1364,15569,40,30,35,"0","0","0",1364,107,3797,5256,3060,2336,1013,16933,38782,"Saturday",1,0
"34","2/7/2016",1838,11685,4082,1806,15799,47,33,40,"0","0","0",1806,111,4004,5478,3009,2218,979,17605,31524,"Sunday",1,0
"35","2/8/2016",438,15082,3506,390,18636,39,28,33.5,"0.05","0.1","0",390,103,3892,6009,4360,3080,1192,19026,28648,"Monday",0,0
"36","2/9/2016",549,17644,4548,506,22235,36,27,31.5,"0","T","T",506,139,4501,7227,5328,3668,1372,22740,40198,"Tuesday",0,0
"37","2/10/2016",462,17501,4457,411,22009,39,31,35,"0.01","T","0",411,133,4555,6931,5298,3660,1432,22418,38402,"Wednesday",0,0
"38","2/11/2016",347,14867,3534,284,18464,31,18,24.5,"T","T","0",284,127,3681,5941,4556,2986,1173,18747,27783,"Thursday",0,0
"39","2/12/2016",352,13080,3017,319,16130,27,15,21,"0","0","0",319,89,3209,5250,3992,2577,1013,16445,27143,"Friday",1,0
"40","2/13/2016",192,5063,1370,173,6452,22,6,14,"0","0","0",173,46,1452,2147,1363,1018,426,6625,11589,"Saturday",1,0
"41","2/14/2016",199,3562,892,192,4461,15,-1,7,"0","0","0",192,33,1007,1567,882,683,289,4652,6934,"Sunday",1,0
"42","2/15/2016",174,4564,1146,159,5725,35,13,24,"0.44","1.4","0",159,40,1208,2044,1109,872,452,5883,8747,"Monday",0,0
"43","2/16/2016",221,11627,2694,190,14352,54,35,44.5,"1.01","0","0",190,70,3308,4927,3046,2105,896,14225,27802,"Tuesday",0,0
"44","2/17/2016",629,18381,4562,575,22997,39,35,37,"0","0","0",575,103,5050,7635,5032,3660,1517,23572,38304,"Wednesday",0,0
"45","2/18/2016",731,17280,4250,679,21582,36,27,31.5,"0","0","0",679,101,4589,7018,4870,3531,1473,22261,34431,"Thursday",0,0
"46","2/19/2016",828,16992,4139,770,21189,39,24,31.5,"0","0","0",770,87,4502,6948,4880,3350,1422,21959,35317,"Friday",1,0
"47","2/20/2016",4107,15122,5255,4058,20426,61,39,50,"0","0","0",4058,127,5359,7250,3609,2927,1154,24484,53540,"Saturday",1,0
"48","2/21/2016",3195,12452,4405,3151,16901,55,44,49.5,"0.03","0","0",3151,91,4528,5971,3041,2282,988,20052,41645,"Sunday",1,0
"49","2/22/2016",1471,21051,5711,1404,26829,52,38,45,"0","0","0",1404,146,5703,8569,6310,4399,1702,28233,48237,"Monday",0,0
"50","2/23/2016",302,12527,3304,267,15866,40,35,37.5,"0.3","T","0",267,95,3321,5119,3800,2550,981,16133,26379,"Tuesday",0,0
"51","2/24/2016",166,7795,1800,143,9618,60,36,48,"1.22","0","0",143,85,2088,3143,2236,1491,575,9761,14994,"Wednesday",0,0
"52","2/25/2016",805,19313,4984,747,24355,61,37,49,"0.02","0","0",747,142,5027,7760,5961,3916,1549,25102,42707,"Thursday",0,0
"53","2/26/2016",846,17391,4336,777,21796,39,27,33,"0","0","0",778,146,4495,6959,5363,3474,1358,22574,36101,"Friday",1,0
"54","2/27/2016",1847,11547,3832,1814,15412,41,26,33.5,"0","0","0",1814,96,3760,5295,3052,2247,962,17226,37583,"Saturday",1,0
"55","2/28/2016",5364,14586,5487,5326,20111,60,38,49,"0","0","0",5326,114,5550,6987,3675,2661,1124,25440,61595,"Sunday",1,0
"56","2/29/2016",1253,21067,5634,1192,26762,61,47,54,"0.05","0","0",1192,165,5853,8641,6347,4122,1634,27957,47933,"Monday",0,0
"57","3/1/2016",1636,22712,6161,1567,28942,52,39,45.5,"0","0","0",1569,154,6269,9288,6758,4680,1791,30509,55160,"Tuesday",0,0
"58","3/2/2016",835,20117,5243,781,25414,55,29,42,"0.14","0","0",781,151,5468,8208,5999,4036,1552,26195,43535,"Wednesday",0,0
"59","3/3/2016",902,18384,4775,847,23214,36,26,31,"0","0","0",847,129,4840,7348,5598,3784,1515,24061,37848,"Thursday",0,0
"60","3/4/2016",573,13408,3388,538,16831,39,30,34.5,"0.11","0.4","T",538,105,3577,5335,3933,2825,1056,17369,29100,"Friday",1,0
"61","3/5/2016",2034,11863,4126,1991,16032,41,28,34.5,"0","0","0",1991,140,3877,5391,3184,2397,1043,18023,36875,"Saturday",1,0
"62","3/6/2016",2222,12130,4480,2174,16658,44,32,38,"0","0","0",2174,93,4426,5686,3070,2354,1029,18832,36377,"Sunday",1,0
"63","3/7/2016",1965,23009,6518,1905,29587,60,36,48,"0","0","0",1905,157,6491,9525,6902,4651,1861,31492,56232,"Monday",0,0
"64","3/8/2016",2363,26501,7657,2288,34233,67,47,57,"0","0","0",2288,216,7542,11067,7929,5323,2156,36521,67958,"Tuesday",0,0
"65","3/9/2016",3353,29160,8977,3263,38227,77,44,60.5,"0","0","0",3263,208,8609,12404,8753,5956,2297,41489,81662,"Wednesday",0,1
"66","3/10/2016",3706,29534,9012,3635,38617,79,63,71,"0","0","0",3635,235,8759,12581,8999,5759,2284,42252,82079,"Thursday",0,1
"67","3/11/2016",3913,26436,7846,3805,34390,68,48,58,"0.06","0","0",3805,244,7674,11237,7953,5237,2045,38193,76636,"Friday",1,0
"68","3/12/2016",8493,17593,6685,8429,24342,59,40,49.5,"0","0","0",8429,151,6534,8570,4436,3278,1373,32770,81491,"Saturday",1,0
"69","3/13/2016",6409,15281,5860,6367,21183,62,50,56,"T","0","0",6367,129,5814,7465,3871,2790,1114,27549,63214,"Sunday",1,0
"70","3/14/2016",487,8450,1993,462,10468,51,40,45.5,"0.29","0","0",462,96,2264,3450,2372,1670,616,10930,16498,"Monday",0,0
"71","3/15/2016",2110,22866,6620,2028,29568,57,44,50.5,"0","0","0",2028,169,6571,9628,6794,4586,1820,31595,57722,"Tuesday",0,0
"72","3/16/2016",3019,25526,7522,2921,33146,65,48,56.5,"0.02","0","0",2921,190,6933,10730,7797,5394,2102,36067,68713,"Wednesday",0,0
"73","3/17/2016",2510,25377,7503,2444,32946,63,45,54,"T","0","0",2444,198,7147,10752,7708,5082,2059,35390,65353,"Thursday",0,0
"74","3/18/2016",2887,24756,7004,2815,31832,57,42,49.5,"0","0","0",2817,207,6977,10503,7287,4940,1916,34647,69122,"Friday",1,0
"75","3/19/2016",4252,14479,5317,4212,19836,46,36,41,"0","0","0",4212,133,5340,6865,3624,2662,1212,24048,49113,"Saturday",1,0
"76","3/20/2016",1876,10922,3880,1844,14834,43,32,37.5,"0.07","T","0",1844,79,4025,5130,2710,1938,952,16676,29737,"Sunday",1,0
"77","3/21/2016",1672,19552,5190,1617,24797,50,32,41,"0.06","0.5","T",1617,136,5613,7970,5749,3773,1556,26414,44457,"Monday",0,0
"78","3/22/2016",2402,24118,6977,2326,31171,56,35,45.5,"0","0","0",2327,158,7150,10179,7120,4635,1928,33496,62248,"Tuesday",0,0
"79","3/23/2016",3750,28636,8597,3678,37305,71,48,59.5,"0","0","0",3678,191,8615,12345,8318,5560,2276,40981,80289,"Wednesday",0,1
"80","3/24/2016",3574,25717,7204,3493,33002,55,44,49.5,"0","0","0",3493,159,7663,10737,7486,4879,2078,36495,67590,"Thursday",0,0
"81","3/25/2016",4569,22603,6925,4505,29592,72,44,58,"0.04","0","0",4505,147,7460,10238,5736,4230,1781,34091,70525,"Friday",1,0
"82","3/26/2016",7892,14234,5352,7848,19630,55,38,46.5,"0","0","0",7848,119,5245,6811,3594,2642,1219,27474,67267,"Saturday",1,0
"83","3/27/2016",6010,12232,4241,5981,16502,55,43,49,"0","0","0",5981,85,4457,6014,2859,2121,966,22481,52462,"Sunday",1,0
"84","3/28/2016",1507,14739,4099,1461,18884,62,42,52,"0.38","0","0",1461,136,4756,6265,3873,2714,1140,20344,35548,"Monday",0,0
"85","3/29/2016",2336,22729,6416,2270,29211,53,40,46.5,"0","0","0",2270,192,6901,9556,6368,4453,1741,31481,55067,"Tuesday",0,0
"86","3/30/2016",2602,24047,7035,2533,31151,56,37,46.5,"0","0","0",2533,192,7408,10217,6800,4649,1885,33674,61264,"Wednesday",0,0
"87","3/31/2016",3292,27108,7948,3210,35138,73,49,61,"0","0","0",3210,216,8371,11401,7698,5372,2080,38192,79447,"Thursday",0,0
"88","4/1/2016",3216,24048,7185,3130,31319,79,61,70,"0.02","0","0",3130,212,7406,10416,6909,4543,1833,34448,67595,"Friday",1,0
"89","4/2/2016",3176,14210,4453,3132,18707,61,49,55,"0.16","0","0",3132,176,5389,6588,3265,2263,1026,21838,46206,"Saturday",1,0
"90","4/3/2016",1452,10508,3362,1428,13894,50,34,42,"0.09","T","0",1428,104,4038,4696,2473,1782,801,15321,28615,"Sunday",1,0
"91","4/4/2016",311,9706,2285,279,12023,45,29,37,"0.47","T","0",279,92,3102,3878,2561,1722,668,12302,20143,"Monday",0,0
"92","4/5/2016",1143,19887,5208,1080,25158,43,26,34.5,"0","0","0",1080,191,5676,8227,5597,3952,1515,26236,43723,"Tuesday",0,0
"93","4/6/2016",1403,21774,6188,1327,28038,48,30,39,"0","0","0",1327,167,6337,9050,6438,4374,1672,29364,48901,"Wednesday",0,0
"94","4/7/2016",985,23109,6308,905,29497,58,48,53,"0.09","0","0",905,161,6885,9804,6675,4293,1679,30400,54591,"Thursday",0,0
"95","4/8/2016",1622,22882,6313,1554,29263,50,40,45,"0.01","0","0",1554,178,6794,9551,6700,4414,1626,30811,53039,"Friday",1,0
"96","4/9/2016",897,9074,2731,874,11828,43,36,39.5,"0.11","T","0",874,98,3162,3983,2206,1666,713,12698,21151,"Saturday",1,0
"97","4/10/2016",3973,14121,5135,3922,19307,50,31,40.5,"0","0","0",3922,115,5689,6619,3393,2421,1070,23228,49190,"Sunday",1,0
"98","4/11/2016",2120,23390,6538,2042,30006,65,43,54,"0.01","0","0",2042,187,6920,9849,6690,4556,1804,32048,59206,"Monday",0,0
"99","4/12/2016",1112,17722,4931,1054,22711,59,45,52,"0.2","0","0",1054,173,5542,7324,4819,3452,1401,23765,43504,"Tuesday",0,0
"100","4/13/2016",2547,26950,8042,2471,35068,58,40,49,"0","0","0",2473,185,8221,11564,7732,5270,2094,37538,71788,"Wednesday",0,0
"101","4/14/2016",2846,27531,8128,2769,35736,62,43,52.5,"0","0","0",2769,192,8314,11598,7888,5543,2201,38502,88278,"Thursday",0,1
"102","4/15/2016",3883,27752,8041,3787,35889,65,42,53.5,"0","0","0",3788,216,8160,11889,8050,5480,2093,39676,86981,"Friday",1,1
"103","4/16/2016",9337,19427,7384,9272,26876,68,43,55.5,"0","0","0",9272,179,7641,9412,4833,3388,1423,36148,102228,"Saturday",1,0
"104","4/17/2016",11595,19661,7587,11549,27294,75,44,59.5,"0","0","0",11549,146,7854,9735,4819,3240,1500,38838,115805,"Sunday",1,1
"105","4/18/2016",5390,29525,9079,5299,38695,82,51,66.5,"0","0","0",5299,202,8865,12834,8772,5763,2259,43989,102730,"Monday",0,1
"106","4/19/2016",4178,31972,9925,4088,41987,73,55,64,"0","0","0",4089,239,9878,13709,9621,6188,2351,46075,107515,"Tuesday",0,1
"107","4/20/2016",4246,30828,9473,4151,40396,69,49,59,"0","0","0",4152,243,9567,13240,8857,6165,2323,44542,104249,"Wednesday",0,1
"108","4/21/2016",4511,31495,9564,4414,41156,73,49,61,"0","0","0",4414,242,9393,13610,9322,6205,2384,45568,104484,"Thursday",0,1
"109","4/22/2016",9821,29836,9158,9741,39074,79,62,70.5,"T","0","0",9741,255,9079,13183,8833,5678,2046,48806,113556,"Friday",1,1
"110","4/23/2016",9401,17543,6703,9355,24292,71,54,62.5,"0.16","0","0",9355,175,6884,8678,4308,2987,1260,33631,96274,"Saturday",1,0
"111","4/24/2016",11168,19001,7697,11126,26740,68,47,57.5,"0","0","0",11126,135,7779,9646,4568,3269,1343,37862,115132,"Sunday",1,0
"112","4/25/2016",5743,28261,8304,5660,36648,69,50,59.5,"0","0","0",5660,178,8846,12453,7731,5261,2179,42303,100925,"Monday",0,1
"113","4/26/2016",2841,24991,6811,2761,31882,60,47,53.5,"0.24","0","0",2761,132,7993,10759,6670,4519,1809,34639,75454,"Tuesday",0,0
"114","4/27/2016",4629,28898,8404,4541,37390,62,46,54,"0","0","0",4541,187,9069,12501,7803,5542,2288,41931,93272,"Wednesday",0,1
"115","4/28/2016",3773,26251,7404,3708,33720,59,48,53.5,"0","0","0",3708,179,8175,11281,7238,4885,1962,37428,74857,"Thursday",0,0
"116","4/29/2016",3697,24454,6727,3630,31248,58,45,51.5,"0.05","0","0",3630,175,7525,10358,6784,4656,1750,34878,78020,"Friday",1,0
"117","4/30/2016",11491,19325,7442,11416,26842,65,46,55.5,"0","0","0",11416,187,7808,9601,4546,3324,1376,38258,110776,"Saturday",1,1
"118","5/1/2016",1207,7427,2063,1179,9518,51,45,48,"0.16","0","0",1179,62,2819,3358,1572,1207,500,10697,29020,"Sunday",1,0
"119","5/2/2016",3823,26893,7821,3746,34791,60,45,52.5,"0.04","0","0",3746,208,8253,11501,7712,5180,1937,38536,84418,"Monday",0,1
"120","5/3/2016",1567,16721,4570,1509,21349,56,51,53.5,"0.61","0","0",1509,154,5332,7006,4627,3048,1182,22858,57652,"Tuesday",0,0
"121","5/4/2016",2227,23008,6384,2163,29456,52,48,50,"0.01","0","0",2163,212,7160,9630,6480,4349,1625,31619,67962,"Wednesday",0,0
"122","5/5/2016",3328,28533,8042,3232,36671,57,46,51.5,"0","0","0",3234,241,8649,12056,8130,5425,2168,39903,80750,"Thursday",0,1
"123","5/6/2016",1121,14230,3509,1064,17796,54,48,51,"0.54","0","0",1065,153,4376,5750,3905,2614,997,18860,42069,"Friday",1,0
"124","5/7/2016",6451,18113,6514,6391,24687,60,48,54,"0","0","0",6396,188,6852,8596,4481,3156,1409,31078,78977,"Saturday",1,0
"125","5/8/2016",7577,17256,6364,7519,23678,66,49,57.5,"0.16","0","0",7525,130,7074,8486,4042,2828,1112,31197,84464,"Sunday",1,0
"126","5/9/2016",5073,31122,9529,4970,40754,72,52,62,"0","0","0",4970,226,9785,13423,9101,5973,2246,45724,103071,"Monday",0,1
"127","5/10/2016",3608,31603,9638,3503,41346,63,50,56.5,"0","0","0",3506,235,9817,13675,9230,6097,2289,44849,89755,"Tuesday",0,1
"128","5/11/2016",5198,35043,10940,5102,46079,76,50,63,"0","0","0",5103,261,10910,15179,10186,6816,2726,51181,106139,"Wednesday",0,1
"129","5/12/2016",6445,34899,10929,6335,45938,80,56,68,"0","0","0",6344,280,10871,15097,10204,6842,2635,52273,115823,"Thursday",0,1
"130","5/13/2016",2977,22898,6516,2908,29483,65,57,61,"0.25","0","0",2910,237,7210,9747,6504,4223,1560,32391,68317,"Friday",1,0
"131","5/14/2016",11509,21988,8566,11445,30618,73,56,64.5,"0","0","0",11445,222,8690,10899,5482,3777,1548,42063,108807,"Saturday",1,1
"132","5/15/2016",6152,16497,6012,6093,22568,59,46,52.5,"0","0","0",6101,176,6758,7914,3803,2724,1185,28662,64857,"Sunday",1,0
"133","5/16/2016",5137,28967,8683,5040,37747,66,43,54.5,"0","0","0",5040,230,9057,12471,8412,5591,1986,42787,94791,"Monday",0,1
"134","5/17/2016",4019,30504,8873,3926,39470,64,52,58,"0","0","0",3927,225,9461,13091,8703,5784,2205,43396,80744,"Tuesday",0,1
"135","5/18/2016",4377,30962,9464,4264,40539,68,52,60,"T","0","0",4276,254,9505,13373,9137,5953,2305,44803,93320,"Wednesday",0,1
"136","5/19/2016",5258,33667,10257,4761,44421,73,54,63.5,"0","0","0",5155,252,10197,14974,9829,6416,2359,49184,104291,"Thursday",0,1
"137","5/20/2016",7713,34231,10599,6678,45865,76,53,64.5,"0","0","0",7628,289,10701,15161,10040,6370,2354,52544,118192,"Friday",1,1
"138","5/21/2016",6906,17425,6188,5919,24600,66,54,60,"0.04","0","0",6865,184,6553,8337,4383,2968,1229,30524,72663,"Saturday",1,0
"139","5/22/2016",9898,20114,7790,8826,28976,70,52,61,"0.09","0","0",9846,163,8330,9930,4897,3317,1319,37804,98270,"Sunday",1,0
"140","5/23/2016",5987,32509,10082,4769,43809,78,56,67,"0.02","0","0",5894,223,10210,14251,9468,6192,2340,48578,109072,"Monday",0,1
"141","5/24/2016",2611,24797,7388,1739,33057,73,58,65.5,"0.18","0","0",2534,235,7813,10683,7095,4687,1749,34799,68156,"Tuesday",0,0
"142","5/25/2016",5492,36312,11635,4161,49278,88,61,74.5,"0","0","0",5386,270,11428,16114,10542,7040,2659,53441,125803,"Wednesday",0,1
"143","5/26/2016",5537,35395,11201,4132,48001,90,69,79.5,"0","0","0",5453,284,11100,15535,10428,6853,2480,52134,124751,"Thursday",0,1
"144","5/27/2016",6378,30642,9917,4789,42148,87,73,80,"0","0","0",6295,252,9613,14062,8905,5786,2024,46943,106768,"Friday",1,1
"145","5/28/2016",11367,16382,6473,9332,24890,92,71,81.5,"0","0","0",11303,184,5961,8367,4257,2943,1207,34233,95897,"Saturday",1,0
"146","5/29/2016",14944,15500,6433,12826,24051,87,70,78.5,"T","0","0",14879,151,5817,8016,4017,2802,1195,36881,114069,"Sunday",1,0
"147","5/30/2016",9354,16685,6580,7699,24920,82,68,75,"1.65","0","0",9280,128,6652,8526,4100,2806,1127,32627,94241,"Monday",0,0
"148","5/31/2016",5469,33400,10887,3994,45762,85,71,78,"0","0","0",5364,293,10612,14888,9815,6401,2383,49774,106059,"Tuesday",0,1
"149","6/1/2016",5413,37132,12120,3984,50681,83,66,74.5,"0","0","0",5311,317,11792,16623,10827,7077,2718,54662,127143,"Wednesday",0,1
"150","6/2/2016",5481,37047,11873,4017,50384,78,62,70,"0","0","0",5384,317,11763,16388,10713,7166,2670,54401,124918,"Thursday",0,1
"151","6/3/2016",3484,27194,8297,2447,36528,70,63,66.5,"0.04","0","0",3407,258,8803,11978,7633,5012,1884,38975,85292,"Friday",1,1
"152","6/4/2016",10677,21504,8796,9341,31636,83,66,74.5,"0.4","0","0",10609,241,8688,10767,5461,3691,1520,40973,107610,"Saturday",1,1
"153","6/5/2016",3277,13993,5127,2629,19768,71,65,68,"0.91","0","0",3250,151,5713,6792,3325,2263,903,22395,54320,"Sunday",1,0
"154","6/6/2016",5858,34930,11361,4605,47544,83,65,74,"0","0","0",5740,297,11205,15514,10233,6687,2473,52130,123879,"Monday",0,1
"155","6/7/2016",4319,36118,11375,3224,48588,85,64,74.5,"T","0","0",4216,291,11233,16286,10404,6911,2471,51761,114761,"Tuesday",0,1
"156","6/8/2016",2178,30866,9206,1376,40874,67,52,59.5,"0.45","0","0",2095,252,9866,13619,8680,5631,2107,42063,89460,"Wednesday",0,1
"157","6/9/2016",4698,36961,11246,3547,49358,71,54,62.5,"0","0","0",4571,255,11463,16320,10612,7056,2628,52885,127585,"Thursday",0,1
"158","6/10/2016",6245,35642,11412,4865,48434,77,57,67,"0","0","0",6135,315,11352,15927,10471,6658,2441,53235,119143,"Friday",1,1
"159","6/11/2016",9935,22186,8909,8402,32628,88,59,73.5,"0","0","0",9851,233,8876,11131,5635,3808,1496,40980,111784,"Saturday",1,1
"160","6/12/2016",10318,21575,8744,8754,31883,83,62,72.5,"0","0","0",10231,177,9215,10876,5277,3469,1392,40636,117814,"Sunday",1,1
"161","6/13/2016",4882,33843,10344,3525,45544,74,57,65.5,"0","0","0",4768,286,10783,14775,9695,6394,2368,49069,110720,"Monday",0,1
"162","6/14/2016",4975,37754,12084,3579,51234,79,58,68.5,"0","0","0",4859,332,12054,17088,10731,6923,2826,54813,116030,"Tuesday",0,1
"163","6/15/2016",5098,37712,12239,3624,51425,85,62,73.5,"0","0","0",4979,305,12020,17054,10827,7141,2723,55049,122197,"Wednesday",0,1
"164","6/16/2016",3828,32389,9981,2614,43584,74,65,69.5,"0.22","0","0",3738,301,10422,14646,9039,5808,2244,46198,100175,"Thursday",0,1
"165","6/17/2016",7523,35481,11232,6152,48084,78,63,70.5,"0","0","0",7423,302,11297,16257,10105,6384,2468,54236,121671,"Friday",1,1
"166","6/18/2016",17033,22687,9181,15510,33391,87,61,74,"0","0","0",16945,260,8994,11632,5752,3766,1552,48901,143869,"Saturday",1,1
"167","6/19/2016",15641,21137,8492,14090,31180,88,66,77,"0","0","0",15563,183,8805,10839,5054,3373,1453,45270,137558,"Sunday",1,1
"168","6/20/2016",5764,35091,11392,4098,48149,84,64,74,"0","0","0",5641,342,11392,15746,10028,6594,2504,52247,119765,"Monday",0,1
"169","6/21/2016",4595,36899,12070,3158,50406,87,72,79.5,"T","0","0",4497,316,12271,16731,10323,6748,2678,53564,116215,"Tuesday",0,1
"170","6/22/2016",4701,38501,12547,3320,52429,86,68,77,"0","0","0",4573,372,12855,17250,10873,7109,2717,55749,119611,"Wednesday",0,1
"171","6/23/2016",4372,37084,11750,2976,50230,83,69,76,"0","0","0",4229,322,12140,16582,10637,6746,2550,53206,115262,"Thursday",0,1
"172","6/24/2016",6629,36063,11494,4842,49344,84,67,75.5,"0","0","0",6497,308,11972,16403,10167,6389,2450,54186,123440,"Friday",1,1
"173","6/25/2016",10642,23072,9286,8776,34224,86,64,75,"0","0","0",10549,223,9562,11575,5742,3771,1578,43000,123815,"Saturday",1,1
"174","6/26/2016",11513,22428,9051,9616,33376,87,67,77,"0","0","0",11415,289,9838,11295,5340,3389,1426,42992,117472,"Sunday",1,1
"175","6/27/2016",5202,31874,9947,3789,43234,83,67,75,"0.45","0","0",5105,314,10320,14156,9075,5812,2241,47023,100253,"Monday",0,1
"176","6/28/2016",3944,34680,10969,2637,46956,76,68,72,"0.12","0","0",3840,370,11669,15521,9579,6163,2451,49593,99918,"Tuesday",0,1
"177","6/29/2016",4850,37827,12205,3476,51406,83,67,75,"0.01","0","0",4746,352,12768,16960,10479,6903,2674,54882,114793,"Wednesday",0,1
"178","6/30/2016",5161,37794,11888,3859,50984,85,67,76,"0","0","0",5039,354,12672,16703,10508,6917,2650,54843,125575,"Thursday",0,1
"179","7/1/2016",4416,27089,8164,4223,35446,79,66,72.5,"0.83","0","0",4349,266,8883,12221,7322,4730,1898,39665,82871,"Friday",1,1
"180","7/2/2016",11604,17180,7053,11431,24406,76,63,69.5,"0","0","0",11520,227,6527,8615,4446,3123,1379,35835,111151,"Saturday",1,0
"181","7/3/2016",14091,15011,6246,13950,21398,78,64,71,"0","0","0",14045,193,5765,7637,3934,2564,1210,35347,111116,"Sunday",1,0
"182","7/4/2016",12654,15631,6575,12511,22349,84,66,75,"0.49","0","0",12593,202,6143,7943,3970,2830,1179,34859,109745,"Monday",0,0
"183","7/5/2016",4940,29401,9403,4694,39050,86,69,77.5,"0.66","0","0",4829,301,10126,13318,7890,5279,2001,43736,92107,"Tuesday",0,1
"184","7/6/2016",4872,35063,11418,4591,46762,91,75,83,"0","0","0",4762,323,12244,15967,9463,6148,2446,51336,109240,"Wednesday",0,1
"185","7/7/2016",4218,33695,10829,3988,44754,89,77,83,"0.04","0","0",4120,313,11650,15256,9254,5897,2252,48724,99975,"Thursday",0,1
"186","7/8/2016",4448,30305,9666,4218,40201,86,67,76.5,"0.08","0","0",4356,261,10616,13871,8139,5206,1970,44400,91632,"Friday",1,1
"187","7/9/2016",8577,21042,8523,8365,29777,72,65,68.5,"0.53","0","0",8500,215,9055,10752,4912,3357,1351,38138,107359,"Saturday",1,0
"188","7/10/2016",10274,22625,9092,10056,31935,80,66,73,"T","0","0",10186,217,9978,11433,5350,3423,1404,41985,123282,"Sunday",1,1
"189","7/11/2016",5602,35743,11525,5287,47583,81,65,73,"0","0","0",5457,339,12262,16076,9818,6389,2529,52853,122260,"Monday",0,1
"190","7/12/2016",5455,38489,12593,5143,51394,82,68,75,"0","0","0",5313,386,13223,17333,10655,6878,2749,56515,120414,"Tuesday",0,1
"191","7/13/2016",5293,38164,12029,5015,50471,85,71,78,"0","0","0",5145,361,12985,16974,10467,6839,2715,55471,121029,"Wednesday",0,1
"192","7/14/2016",4513,34596,11241,4329,46021,88,73,80.5,"0.62","0","0",4395,366,11959,15451,9469,6232,2478,50345,108541,"Thursday",0,1
"193","7/15/2016",5344,32795,10433,5242,43330,88,79,83.5,"0","0","0",5237,360,11431,14916,8893,5475,2260,48558,104701,"Friday",1,1
"194","7/16/2016",10078,20388,7940,9925,28481,90,75,82.5,"T","0","0",9978,239,8367,10381,4859,3251,1331,38405,103429,"Saturday",1,1
"195","7/17/2016",11478,21333,8536,11246,30101,89,75,82,"0","0","0",11377,204,9574,10833,4850,3210,1299,41346,120635,"Sunday",1,1
"196","7/18/2016",4210,30006,9471,3938,39749,93,72,82.5,"0.35","0","0",4097,337,10725,13348,8010,5173,1997,43681,97216,"Monday",0,1
"197","7/19/2016",5092,37327,12174,4794,49799,83,73,78,"0","0","0",4960,316,13199,16799,10149,6602,2568,54587,116806,"Tuesday",0,1
"198","7/20/2016",5502,38926,12797,5200,52025,85,68,76.5,"0","0","0",5374,354,13506,17569,10764,6921,2737,57213,128799,"Wednesday",0,1
"199","7/21/2016",5162,37693,11987,4977,49865,90,71,80.5,"0","0","0",5046,346,13043,17120,10354,6499,2434,54832,128476,"Thursday",0,1
"200","7/22/2016",5206,33292,10693,5104,44087,94,74,84,"0","0","0",5124,300,11870,15316,8861,5465,2255,49185,105666,"Friday",1,1
"201","7/23/2016",9202,20394,7927,9264,28259,96,80,88,"0","0","0",9128,201,8686,10377,4743,3118,1270,37522,101810,"Saturday",1,0
"202","7/24/2016",10075,20859,8703,10171,29466,94,75,84.5,"0","0","0",9964,253,9562,10954,4629,3047,1228,39634,113680,"Sunday",1,1
"203","7/25/2016",3744,24293,7342,3681,31698,93,73,83,"1","0","0",3677,258,8429,10577,6632,4188,1618,35376,85145,"Monday",0,0
"204","7/26/2016",4802,36364,11746,4700,48212,89,72,80.5,"0","0","0",4667,336,12881,16536,9847,6225,2420,52904,108783,"Tuesday",0,1
"205","7/27/2016",4888,37038,12237,4759,49404,91,74,82.5,"0","0","0",4766,330,13356,16609,9983,6588,2531,54148,115744,"Wednesday",0,1
"206","7/28/2016",4515,34771,10865,4463,45688,95,75,85,"T","0","0",4422,313,12254,15525,9374,5935,2328,50134,98694,"Thursday",0,1
"207","7/29/2016",4575,25149,7979,4539,33164,85,69,77,"1.09","0","0",4482,242,9060,11690,6381,4179,1669,37693,81355,"Friday",1,0
"208","7/30/2016",6364,15561,5855,6553,21227,84,73,78.5,"0.25","0","0",6316,159,6236,7813,3687,2445,1124,27780,72197,"Saturday",1,0
"209","7/31/2016",5470,16145,6036,5534,22117,78,71,74.5,"1.08","0","0",5410,151,7234,7958,3511,2322,1065,27651,70377,"Sunday",1,0
"210","8/1/2016",4834,34063,10504,4737,44664,80,69,74.5,"T","0","0",4721,303,12074,15307,8968,5727,2301,49395,101134,"Monday",0,1
"211","8/2/2016",5923,38644,12197,5834,50930,79,68,73.5,"0","0","0",5776,394,13645,17459,10256,6636,2598,56744,116187,"Tuesday",0,1
"212","8/3/2016",6265,38473,12265,6116,50887,80,66,73,"0","0","0",6133,309,13361,17381,10281,6907,2631,56992,118370,"Wednesday",0,1
"213","8/4/2016",6167,38280,12157,6066,50538,81,67,74,"0","0","0",6030,320,13406,17485,10195,6645,2523,56587,118563,"Thursday",0,1
"214","8/5/2016",6787,35271,11239,6701,46596,83,69,76,"0","0","0",6648,307,12799,16430,9054,5868,2191,53286,116534,"Friday",1,1
"215","8/6/2016",12847,22186,9180,13070,31143,87,72,79.5,"0.05","0","0",12714,246,9669,11517,5225,3442,1400,44209,125188,"Saturday",1,1
"216","8/7/2016",12658,21814,9159,12837,30794,86,70,78,"0","0","0",12570,230,10055,11146,4966,3326,1338,43631,116183,"Sunday",1,1
"217","8/8/2016",6209,34689,11364,6085,46177,86,71,78.5,"0","0","0",6076,328,12682,15733,9212,5946,2285,52251,115847,"Monday",0,1
"218","8/9/2016",6125,37491,12496,5952,50160,87,71,79,"0","0","0",5990,294,13440,17303,10039,6520,2526,56101,114892,"Tuesday",0,1
"219","8/10/2016",4583,34569,10962,4451,45663,86,75,80.5,"0.09","0","0",4464,307,12277,15784,8990,5998,2294,50100,101761,"Wednesday",0,1
"220","8/11/2016",4522,32735,10173,4420,43010,91,74,82.5,"0.15","0","0",4408,305,11566,14835,8661,5516,2139,47420,93639,"Thursday",0,1
"221","8/12/2016",4938,30268,9544,4863,39887,93,73,83,"0.32","0","0",4839,243,10882,14028,7940,4999,1819,44729,90685,"Friday",1,1
"222","8/13/2016",10510,19940,8462,10814,28098,96,81,88.5,"0","0","0",10414,211,8696,10378,4846,3048,1319,38903,100035,"Saturday",1,1
"223","8/14/2016",7236,18361,7364,7377,25584,94,78,86,"0.06","0","0",7143,156,8240,9347,4200,2733,1142,32961,74055,"Sunday",1,0
"224","8/15/2016",5432,33058,10573,5338,43725,92,77,84.5,"0","0","0",5300,245,12002,15386,8533,5523,2074,49056,107305,"Monday",0,1
"225","8/16/2016",4827,34497,11102,4748,45678,87,78,82.5,"0.11","0","0",4706,280,12374,15889,8936,5919,2322,50411,103010,"Tuesday",0,1
"226","8/17/2016",5218,36960,11811,5113,48876,85,77,81,"0.01","0","0",5092,313,12999,16977,9803,6333,2472,53983,113583,"Wednesday",0,1
"227","8/18/2016",5501,36364,11353,5434,47784,85,72,78.5,"0.03","0","0",5369,287,13016,16602,9594,6047,2303,53209,115041,"Thursday",0,1
"228","8/19/2016",6416,34023,11230,6393,45276,88,74,81,"0.01","0","0",6298,300,12431,16012,8962,5543,2123,51658,110723,"Friday",1,1
"229","8/20/2016",14030,22241,9546,14164,31653,83,70,76.5,"0.82","0","0",13919,215,9724,11539,5382,3503,1535,45808,138864,"Saturday",1,1
"230","8/21/2016",9063,18435,7553,9082,25969,86,73,79.5,"0.31","0","0",8949,189,8446,9223,4178,2882,1184,35041,96941,"Sunday",1,0
"231","8/22/2016",6360,36254,11790,6086,48318,79,65,72,"0","0","0",6195,324,13006,16836,9465,6158,2420,54201,118995,"Monday",0,1
"232","8/23/2016",6271,39445,12958,6065,52609,82,61,71.5,"0","0","0",6134,389,14330,18238,10251,6710,2622,58665,127012,"Tuesday",0,1
"233","8/24/2016",5938,39122,13094,5643,52511,88,68,78,"0","0","0",5780,331,14370,18000,10219,6841,2613,58134,127066,"Wednesday",0,1
"234","8/25/2016",5370,36399,11718,5199,48288,86,69,77.5,"0.01","0","0",5229,322,13294,16689,9405,6186,2362,53480,111985,"Thursday",0,1
"235","8/26/2016",6096,34462,11479,6127,45910,90,75,82.5,"0","0","0",5946,294,13163,16205,8703,5549,2177,52026,112005,"Friday",1,1
"236","8/27/2016",11454,24015,10205,12080,33594,89,73,81,"0","0","0",11330,241,11082,12268,5555,3651,1547,45673,120578,"Saturday",1,1
"237","8/28/2016",11318,23388,9933,11960,32679,89,72,80.5,"0","0","0",11215,242,11071,11733,5368,3578,1432,44639,121056,"Sunday",1,1
"238","8/29/2016",5686,35709,11893,5618,47670,91,74,82.5,"0","0","0",5545,314,13634,16368,9143,5896,2388,53279,115101,"Monday",0,1
"239","8/30/2016",5040,39110,13255,5046,52359,86,69,77.5,"0","0","0",4915,340,14882,17777,10150,6760,2581,57392,121098,"Tuesday",0,1
"240","8/31/2016",4909,39275,13030,4821,52393,89,74,81.5,"T","0","0",4776,341,14752,17944,10182,6736,2483,57200,118815,"Wednesday",0,1
"241","9/1/2016",2801,27418,7968,2647,35540,79,69,74,"0.5","0","0",2705,308,10369,12132,6685,4333,1655,38174,77415,"Thursday",0,0
"242","9/2/2016",7596,33949,11462,7707,45300,81,66,73.5,"0","0","0",7452,375,12903,15681,8488,5770,2338,52999,126790,"Friday",1,1
"243","9/3/2016",13295,19864,8471,14090,27540,75,66,70.5,"0","0","0",13183,333,8340,9927,4937,3422,1488,41629,117476,"Saturday",1,1
"244","9/4/2016",16535,20254,9234,17916,28107,80,65,72.5,"0","0","0",16399,332,8742,10270,5197,3547,1536,46020,140347,"Sunday",1,1
"245","9/5/2016",13177,22536,9723,13847,31589,84,65,74.5,"0","0","0",13065,346,10023,11180,5423,3845,1554,45431,118022,"Monday",0,1
"246","9/6/2016",4750,36275,11422,4568,47879,80,71,75.5,"T","0","0",4610,436,12958,15925,9814,6384,2320,52432,108743,"Tuesday",0,1
"247","9/7/2016",5139,41647,13714,4888,55612,85,71,78,"0","0","0",4955,488,14932,18494,11329,7463,2839,60278,130391,"Wednesday",0,1
"248","9/8/2016",5940,41743,13913,5635,55961,89,71,80,"0","0","0",5749,465,14673,18357,11808,7664,2880,61551,130259,"Thursday",0,1
"249","9/9/2016",5610,38577,12626,5416,51397,91,75,83,"0.22","0","0",5456,424,13739,16951,10826,6995,2422,56804,118213,"Friday",1,1
"250","9/10/2016",10809,26481,11165,11078,37377,90,74,82,"T","0","0",10660,356,12353,13035,6319,4213,1519,48454,127252,"Saturday",1,1
"251","9/11/2016",11489,28306,12450,12072,40173,83,67,75,"0","0","0",11368,433,13228,14476,6702,4384,1654,52238,136353,"Sunday",1,1
"252","9/12/2016",6328,41023,13752,6185,54918,78,62,70,"0","0","0",6165,479,14990,17952,11496,7315,2706,61083,127447,"Monday",0,1
"253","9/13/2016",5339,44353,15147,5183,59656,83,64,73.5,"0","0","0",5177,495,15860,19569,12669,8125,2944,64818,135366,"Tuesday",0,1
"254","9/14/2016",4988,40806,13409,4762,54441,91,67,79,"0.56","0","0",4823,500,14525,17643,11589,7449,2674,58928,121511,"Wednesday",0,1
"255","9/15/2016",5901,46249,15181,5680,61651,74,61,67.5,"0","0","0",5706,594,16303,20209,12985,8434,3100,67312,140436,"Thursday",0,1
"256","9/16/2016",7018,43713,14544,7033,58242,73,61,67,"0","0","0",6846,535,15650,19279,12529,7746,2690,65257,145454,"Friday",1,1
"257","9/17/2016",14008,31579,13613,14590,44610,77,59,68,"0","0","0",13859,506,14342,15669,7840,4992,1992,59199,154037,"Saturday",1,1
"258","9/18/2016",11185,28600,11901,11346,40340,82,70,76,"0","0","0",11034,391,13171,13828,7014,4471,1777,51685,131788,"Sunday",1,1
"259","9/19/2016",2078,24603,7536,1905,32312,76,69,72.5,"0.68","0","0",1988,415,9266,10509,6535,4098,1406,34205,67180,"Monday",0,0
"260","9/20/2016",5288,44684,14919,5108,59783,82,68,75,"0","0","0",5114,575,16022,19546,12723,7991,2920,64881,135085,"Tuesday",0,1
"261","9/21/2016",5446,44756,15261,5209,60254,84,68,76,"0","0","0",5269,609,15796,19803,12829,8125,3032,65453,142356,"Wednesday",0,1
"262","9/22/2016",5987,46292,15531,5729,62081,86,65,75.5,"0","0","0",5803,615,16215,20292,13399,8398,3088,67762,146370,"Thursday",0,1
"263","9/23/2016",6794,43740,14983,6703,58814,87,64,75.5,"0.01","0","0",6583,512,15550,19562,12781,7792,2737,65499,142458,"Friday",1,1
"264","9/24/2016",11635,29128,12496,12027,41232,71,58,64.5,"0.2","0","0",11491,433,12998,14457,7296,4766,1818,53258,137355,"Saturday",1,1
"265","9/25/2016",12088,28784,12696,12433,41135,70,54,62,"0","0","0",11960,384,13350,14181,7150,4629,1914,53563,143312,"Sunday",1,1
"266","9/26/2016",5891,41442,14053,5641,55745,74,54,64,"0","0","0",5720,572,14954,18145,11830,7387,2778,61120,128011,"Monday",0,1
"267","9/27/2016",4850,42137,14359,4632,56714,74,64,69,"0.22","0","0",4655,535,15379,18695,11890,7424,2768,61334,122347,"Tuesday",0,1
"268","9/28/2016",3880,41869,13715,3483,55981,69,56,62.5,"0","0","0",3688,575,14520,18249,12113,7612,2707,59456,120072,"Wednesday",0,1
"269","9/29/2016",3468,39786,12324,3074,52504,64,57,60.5,"0","0","0",3291,593,14031,17113,11071,6956,2523,55550,104364,"Thursday",0,1
"270","9/30/2016",808,16461,4112,630,20751,59,56,57.5,"0.4","0","0",741,306,5778,6587,4291,2729,949,21368,45194,"Friday",1,0
"271","10/1/2016",5869,24457,9485,548,5384,62,56,59,"0","0","0",5765,370,10629,11523,5891,3961,1672,39809,91771,"Saturday",1,1
"272","10/2/2016",7258,24005,9760,692,6777,63,57,60,"0","0","0",7155,423,10617,11634,5819,3784,1591,41018,100425,"Sunday",1,1
"273","10/3/2016",5915,38034,12435,615,5291,72,60,66,"0","0","0",5755,516,13946,17025,10251,6456,2435,56369,116682,"Monday",0,1
"274","10/4/2016",4614,41857,13908,457,3911,69,60,64.5,"0","0","0",4428,540,15169,18700,11441,7290,2811,60196,123551,"Tuesday",0,1
"275","10/5/2016",5006,44913,15134,456,4237,67,53,60,"0","0","0",4796,610,15788,19599,12918,8301,3041,65031,126942,"Wednesday",0,1
"276","10/6/2016",6071,46140,15374,517,5286,73,55,64,"0","0","0",5877,609,16193,20071,13351,8362,3122,67580,137567,"Thursday",0,1
"277","10/7/2016",7682,43696,14518,660,6869,75,57,66,"0","0","0",7490,680,15504,18961,12538,7898,2825,65881,142612,"Friday",1,1
"278","10/8/2016",6473,20209,7943,648,6043,68,58,63,"0.23","0","0",6374,357,8948,9506,4918,3233,1289,34624,86818,"Saturday",1,0
"279","10/9/2016",2413,14267,5009,240,2145,65,51,58,"0.55","0","0",2364,309,6578,6558,2986,2093,801,21687,46334,"Sunday",1,0
"280","10/10/2016",6755,33782,11718,669,6138,64,47,55.5,"0","0","0",6619,443,13191,15403,8729,5611,2259,52248,107487,"Monday",0,1
"281","10/11/2016",4701,40682,13385,564,4042,63,46,54.5,"0","0","0",4525,644,14430,17506,11645,7360,2658,58754,113228,"Tuesday",0,1
"282","10/12/2016",5108,39420,13162,406,4402,66,53,59.5,"0","0","0",4947,568,14398,17243,10954,7026,2554,57497,119851,"Wednesday",0,1
"283","10/13/2016",4665,42967,13585,456,3950,67,53,60,"T","0","0",4487,620,15169,18170,12168,7730,2873,61209,117523,"Thursday",0,1
"284","10/14/2016",6014,41137,13415,658,5286,62,47,54.5,"0","0","0",5802,644,14686,17651,11850,7296,2637,60561,123000,"Friday",1,1
"285","10/15/2016",11243,28586,12163,1481,10535,65,45,55,"0","0","0",11115,538,12738,13706,7230,4863,1802,51991,138233,"Saturday",1,1
"286","10/16/2016",10414,26962,11494,1211,9789,69,53,61,"0","0","0",10310,489,12273,12918,6610,4571,1699,48866,126550,"Sunday",1,1
"287","10/17/2016",6129,42257,14271,711,5395,81,63,72,"0","0","0",5945,691,15054,18104,12374,7863,2626,62649,132131,"Monday",0,1
"288","10/18/2016",6384,46002,15854,827,5607,81,67,74,"0","0","0",6198,729,16489,20018,13359,8384,3063,68224,143635,"Tuesday",0,1
"289","10/19/2016",7089,46546,16137,744,6295,85,65,75,"0","0","0",6888,700,16864,20364,13395,8502,3059,69758,145347,"Wednesday",0,1
"290","10/20/2016",5544,43928,14202,635,4825,70,62,66,"0","0","0",5368,667,15596,18762,12458,7976,2847,63668,131686,"Thursday",0,1
"291","10/21/2016",2422,29557,8894,216,1974,69,57,63,"1.11","0","0",2310,507,10592,12433,8083,5205,1743,40865,80787,"Friday",1,1
"292","10/22/2016",2260,17319,5724,311,1886,57,47,52,"0.29","0","0",2196,356,7579,7582,3840,2712,1038,25301,55557,"Saturday",1,0
"293","10/23/2016",7691,24020,9752,831,7226,61,45,53,"0","0","0",7582,424,11045,11206,5668,4038,1500,41462,99878,"Sunday",1,1
"294","10/24/2016",4506,38299,12456,455,3848,62,47,54.5,"T","0","0",4352,613,13539,16195,11099,6990,2473,55254,106893,"Monday",0,1
"295","10/25/2016",3150,37544,11987,328,2560,52,43,47.5,"0","0","0",3007,500,13058,15930,10826,6953,2407,52667,96848,"Tuesday",0,1
"296","10/26/2016",3239,37376,11869,385,2626,51,38,44.5,"0","0","0",3085,540,12886,15645,10764,7018,2546,52466,103870,"Wednesday",0,1
"297","10/27/2016",590,16057,4411,63,340,55,40,47.5,"1.41","0","0",509,306,5452,6344,4477,2935,1035,21054,39660,"Thursday",0,0
"298","10/28/2016",2546,33913,9783,275,2033,51,42,46.5,"0","0","0",2406,449,11321,14038,9692,6210,2126,46233,89857,"Friday",1,1
"299","10/29/2016",7709,25027,9778,672,7175,64,39,51.5,"0","0","0",7587,432,10989,11382,6070,4398,1656,42513,103274,"Saturday",1,1
"300","10/30/2016",8109,20960,8696,699,7704,76,54,65,"0.56","0","0",8007,280,8975,9958,5289,3791,1465,37760,107572,"Sunday",1,0
"301","10/31/2016",4350,35002,10730,519,3763,54,44,49,"0","0","0",4199,517,12185,14516,10047,6338,2280,50071,107875,"Monday",0,1
"302","11/1/2016",3631,39495,12841,356,2927,58,40,49,"0","0","0",3440,567,13491,16677,11592,7489,2711,55944,110056,"Tuesday",0,1
"303","11/2/2016",4619,43051,14474,699,3905,70,54,62,"0","0","0",4437,574,14997,18565,12578,8051,2942,62133,133258,"Wednesday",0,1
"304","11/3/2016",3836,42274,13531,417,3142,72,57,64.5,"0","0","0",3662,574,14562,17980,12232,7857,2774,59632,124673,"Thursday",0,1
"305","11/4/2016",5291,39992,12594,694,4626,61,47,54,"0","0","0",5120,607,13478,17018,11662,7397,2595,57867,126507,"Friday",1,1
"306","11/5/2016",10326,27294,11069,1092,9798,62,44,53,"0","0","0",10213,466,11929,12793,6777,4761,1750,48687,128639,"Saturday",1,1
"307","11/6/2016",6304,23758,9351,839,5928,59,45,52,"0","0","0",6199,378,10661,11081,5641,3967,1486,39413,104186,"Sunday",1,1
"308","11/7/2016",3605,35316,10969,503,3027,53,41,47,"0","0","0",3425,520,12366,14571,10146,6537,2325,49883,106484,"Monday",0,1
"309","11/8/2016",4198,39406,12999,520,3533,66,41,53.5,"0","0","0",4005,502,13907,17058,11003,7426,2702,56589,123718,"Tuesday",0,1
"310","11/9/2016",1446,28434,8180,199,938,59,49,54,"0.06","0","0",1297,442,10019,11650,7791,5030,1831,38050,75883,"Wednesday",0,0
"311","11/10/2016",2955,36715,11201,356,2370,56,40,48,"0","0","0",2783,556,12405,15238,10442,6896,2551,50863,111472,"Thursday",0,1
"312","11/11/2016",3844,32094,9894,491,3301,63,41,52,"0","0","0",3690,426,11595,13464,8621,5880,2156,45826,105021,"Friday",1,1
"313","11/12/2016",5565,21135,7967,608,5116,50,37,43.5,"0","0","0",5444,317,9044,9450,5184,3776,1452,34664,86968,"Saturday",1,0
"314","11/13/2016",6030,22062,8718,810,5615,61,41,51,"0","0","0",5920,306,9816,10318,5110,3839,1501,36806,95679,"Sunday",1,0
"315","11/14/2016",3050,34878,10906,314,2436,62,46,54,"0","0","0",2869,539,11930,14577,9937,6593,2389,48810,113590,"Monday",0,1
"316","11/15/2016",664,17347,4885,69,342,56,47,51.5,"0","0","0",567,297,6438,7052,4507,2984,1051,22884,48797,"Tuesday",0,0
"317","11/16/2016",2596,38631,12115,316,1932,61,45,53,"0","0","0",2425,553,13312,16093,10979,7197,2783,53328,107831,"Wednesday",0,1
"318","11/17/2016",2884,38790,12221,368,2192,61,49,55,"0","0","0",2696,564,13196,16146,11244,7286,2763,53889,109418,"Thursday",0,1
"319","11/18/2016",3670,37860,11860,570,3034,64,44,54,"0","0","0",3515,541,12986,16002,10858,6993,2495,53370,109802,"Friday",1,1
"320","11/19/2016",6173,25009,10031,801,5662,63,37,50,"0.25","0","0",6058,479,10581,11648,6272,4539,1636,41208,98021,"Saturday",1,1
"321","11/20/2016",1511,14050,5056,185,1185,42,34,38,"0.31","T","0",1443,210,5828,6152,3526,2485,973,20616,45772,"Sunday",1,0
"322","11/21/2016",848,25194,6930,109,451,41,36,38.5,"0","0","0",732,384,8082,10039,7318,4775,1642,32964,69754,"Monday",0,0
"323","11/22/2016",1166,27752,7831,206,753,41,37,39,"0","0","0",1048,430,8482,11251,8169,5455,1914,36723,72592,"Tuesday",0,0
"324","11/23/2016",1667,25509,7290,207,1209,45,35,40,"0","0","0",1548,390,7261,10365,7550,5345,2007,34462,73005,"Wednesday",0,0
"325","11/24/2016",1829,7578,2715,226,1660,48,38,43,"0.03","0","0",1762,151,2564,3353,2054,1552,686,12122,42343,"Thursday",0,0
"326","11/25/2016",3006,13606,4368,420,2769,54,45,49.5,"0.02","0","0",2927,288,4161,5658,3777,2981,1188,20980,62444,"Friday",1,0
"327","11/26/2016",4002,14384,5425,602,3760,50,40,45,"0","0","0",3924,338,5148,6211,3835,3045,1310,23810,65654,"Saturday",1,0
"328","11/27/2016",2870,15444,5763,300,2570,50,39,44.5,"0","0","0",2790,252,5887,6990,3834,3060,1264,24076,74381,"Sunday",1,0
"329","11/28/2016",1912,30878,9301,188,1413,52,38,45,"0","0","0",1767,438,10147,12512,8981,6055,2191,42086,83300,"Monday",0,1
"330","11/29/2016",293,11314,2981,35,108,60,51,55.5,"0","0","0",219,168,4141,4370,2977,2063,650,14584,30989,"Tuesday",0,0
"331","11/30/2016",533,18716,5186,34,238,58,50,54,"0.73","0","0",441,274,6304,7534,5212,3467,1203,24434,52424,"Wednesday",0,0
"332","12/1/2016",1675,32217,9350,207,1153,54,42,48,"0.07","0","0",1527,453,10536,12942,9266,6278,2240,43233,90239,"Thursday",0,1
"333","12/2/2016",1905,31305,9161,272,1345,51,40,45.5,"0","0","0",1756,456,10378,12736,9040,5960,2045,42358,89092,"Friday",1,1
"334","12/3/2016",2722,19831,7301,445,2295,47,41,44,"T","0","0",2607,323,8325,8830,4801,3596,1372,29853,70853,"Saturday",1,0
"335","12/4/2016",2922,17923,6610,469,2539,47,39,43,"0","0","0",2824,264,7515,8103,4272,3262,1215,27454,71729,"Sunday",1,0
"336","12/5/2016",1575,26586,7771,173,1072,49,38,43.5,"0.19","0","0",1433,396,8897,10854,7505,5025,1822,35927,80214,"Monday",0,0
"337","12/6/2016",1210,24779,7343,178,791,46,37,41.5,"0.35","0","0",1103,352,7573,9901,7537,5090,1776,33325,67187,"Tuesday",0,0
"338","12/7/2016",1242,28563,8216,136,764,46,40,43,"0.09","0","0",1115,403,9195,11473,8199,5613,2023,38010,76605,"Wednesday",0,0
"339","12/8/2016",1127,29754,8745,189,668,45,35,40,"0","0","0",984,436,9468,12028,8753,5811,2146,39621,72219,"Thursday",0,1
"340","12/9/2016",953,25430,7164,139,567,39,29,34,"0","0","0",827,333,8210,10163,7337,4930,1747,33540,63950,"Friday",1,0
"341","12/10/2016",1460,15488,5431,187,1164,35,28,31.5,"0","0","0",1394,239,6072,6594,3918,3089,1073,22379,52716,"Saturday",1,0
"342","12/11/2016",1038,12478,4283,133,787,35,28,31.5,"0.03","0.4","0",992,177,4802,5382,3119,2374,953,17798,41740,"Sunday",1,0
"343","12/12/2016",838,22055,6144,114,452,46,34,40,"0.5","0","0",727,348,7111,8947,6216,4166,1522,29035,58701,"Monday",0,0
"344","12/13/2016",1193,29388,8444,181,744,43,35,39,"0","0","0",1074,397,9189,11868,8655,5786,2056,39023,68858,"Tuesday",0,1
"345","12/14/2016",1126,28538,8144,120,673,42,34,38,"0","0","0",1005,370,8606,11504,8514,5766,2043,37799,71798,"Wednesday",0,0
"346","12/15/2016",508,19691,4816,42,191,34,19,26.5,"0","T","0",426,250,5782,7628,5763,3817,1349,25002,45840,"Thursday",0,0
"347","12/16/2016",598,19171,4721,54,334,27,17,22,"0","0","0",515,229,5637,7392,5587,3830,1300,24484,48288,"Friday",1,0
"348","12/17/2016",170,5539,1284,26,95,39,24,31.5,"0.73","2.8","2",145,115,2004,2135,1285,976,333,6993,22363,"Saturday",1,0
"349","12/18/2016",599,11840,3856,67,397,58,31,44.5,"0.04","0","1",556,202,4579,5066,2750,2285,857,16295,38459,"Sunday",1,0
"350","12/19/2016",628,19831,5190,78,332,31,23,27,"0","0","0",549,256,5914,7627,5880,4033,1390,25648,50405,"Monday",0,0
"351","12/20/2016",792,21412,5481,69,473,33,20,26.5,"0","0","0",714,251,6219,8386,6164,4296,1655,27677,50408,"Tuesday",0,0
"352","12/21/2016",1036,23449,6140,135,696,40,30,35,"0","0","0",942,299,6699,9196,6798,4872,1819,30611,55746,"Wednesday",0,0
"353","12/22/2016",1152,23591,6146,100,764,49,37,43,"0","0","0",1055,269,6697,9188,6794,4989,1897,30874,56441,"Thursday",0,0
"354","12/23/2016",1401,19544,5399,144,1065,47,38,42.5,"0","0","0",1315,302,5106,7469,5807,4571,1774,26335,53318,"Friday",1,0
"355","12/24/2016",507,5743,1764,81,401,47,38,42.5,"0.47","0","0",475,107,1606,2163,1596,1407,660,8014,28033,"Saturday",1,0
"356","12/25/2016",2853,5181,1890,306,2786,50,36,43,"0","0","0",2826,104,1534,2109,1415,1265,671,9919,38209,"Sunday",1,0
"357","12/26/2016",1233,7264,2278,112,1103,50,33,41.5,"0.02","0","0",1206,124,2194,2897,1922,1641,791,10774,32446,"Monday",0,0
"358","12/27/2016",2939,17677,5339,317,2632,60,40,50,"0","0","0",2861,179,5652,7245,4591,3811,1616,25946,61379,"Tuesday",0,0
"359","12/28/2016",2140,16844,4617,344,1928,40,34,37,"0","0","0",2064,208,5194,6735,4504,3437,1459,23596,52937,"Wednesday",0,0
"360","12/29/2016",480,10337,2390,62,342,46,33,39.5,"0.39","0","0",426,130,3226,3984,2612,2043,786,13202,29631,"Thursday",0,0
"361","12/30/2016",2138,14987,4250,263,1917,40,33,36.5,"0.01","T","0",2073,199,4764,6010,3907,3126,1296,21366,45743,"Friday",1,0
"362","12/31/2016",2239,10192,3497,245,2056,44,31,37.5,"0","0","0",2188,192,3496,4298,2557,2259,938,15925,46810,"Saturday",1,0
